SUBURB,Oct - Dec 14,Jan - Mar 15,Apr - Jun 15,Jul - Sep 15,Oct - Dec 15,No of sales Oct - Dec 15,No of Sales 2015,Oct - Dec 14 - Oct - Dec 15,Jul - Sep 15 - Oct - Dec 15
ABBOTSFORD,875000,785000,920000,905000,985000,21,63,12.6,8.8
ABERFELDIE,1100000,995000,1310000,1207500,1273500,16,77,15.8,5.5
AIREYS INLET,610000,577500,582500,740000,680000,7,39,11.5,-8.1
AIRPORT WEST,605000,612500,622000,665000,630500,34,120,4.2,-5.2
ALBANVALE,333200,334800,332000,352500,371000,26,108,11.4,5.2
ALBERT PARK,1433500,1540000,1792500,1807500,1650000,33,122,15.1,-8.7
ALBION,436000,460000,435000,497500,528000,8,47,21.1,6.1
ALEXANDRA,260000,297500,274000,310000,275000,10,49,5.8,-11.3
ALFREDTON,360500,335000,325000,323000,380500,60,225,5.5,17.8
ALLANSFORD,287500,255000,269800,377000,347500,4,15,20.9,-7.8
ALPHINGTON,1105000,990000,1335000,1430000,1271500,12,40,15.1,-11.1
ALTONA,612000,685000,670000,715000,749000,26,132,22.4,4.8
ALTONA EAST,615500,701000,656000,640500,742500,7,38,20.6,15.9
ALTONA MEADOWS,415000,417500,410000,480000,440000,33,129,6,-8.3
ALTONA NORTH,585000,620000,630000,645000,678000,34,160,15.9,5.1
ANGLESEA,610000,632000,587500,635000,700000,34,119,14.8,10.2
APOLLO BAY,475000,445000,426500,455000,435000,11,44,-8.4,-4.4
ARARAT,220000,210000,200000,230000,200000,32,110,-9.1,-13
ARDEER,365000,364000,367500,417500,408500,14,68,11.9,-2.2
ARMADALE,1802000,1890000,2246500,2800000,2162500,22,90,20,-22.8
ARMSTRONG CREEK,451000,425000,512500,460000,435000,15,65,-3.5,-5.4
ARTHURS SEAT,705000,985000,1210000,503500,503500,0,5,NA,NA
ASCOT (Bendigo),353000,387500,343000,320000,388000,10,30,9.9,21.3
ASCOT VALE,875000,840000,918000,872500,900000,38,185,2.9,3.2
ASHBURTON,1180000,1442500,1520000,1395000,1567000,31,113,32.8,12.3
ASHWOOD,915000,1102000,1112500,1227500,1086800,22,101,18.8,-11.5
ASPENDALE,730000,770000,750000,791000,808500,18,81,10.8,2.2
ASPENDALE GARDENS,650000,630000,687500,748800,724100,28,77,11.4,-3.3
ATTWOOD,422500,570000,445000,662500,675000,12,38,59.8,1.9
AVENEL,336000,272000,282500,220000,233500,6,14,-30.5,6.1
AVOCA,239500,156500,205000,205000,180500,6,25,-24.6,-12
AVONDALE HEIGHTS,575500,592500,652000,680500,652500,42,155,13.4,-4.1
AVONSLEIGH,385000,370000,504000,397500,400000,4,17,3.9,0.6
BACCHUS MARSH,327500,369000,352500,360000,339000,25,112,3.5,-5.8
BADGER CREEK,332800,356500,323500,366500,337500,8,24,1.4,-7.9
BAIRNSDALE,229800,245000,247500,210000,250000,37,144,8.8,19
BALACLAVA,935000,937000,1015000,1211000,1033000,7,41,10.5,-14.7
BALCOMBE,780000,902500,880000,852100,833000,29,148,6.8,-2.2
BALLAN,357500,358500,320000,354000,440000,10,49,23.1,24.3
BALLARAT CENTRAL,350000,365000,350000,325000,345000,31,136,-1.4,6.2
BALLARAT EAST,275000,270900,265500,259000,305000,35,150,10.9,17.8
BALLARAT NORTH,370000,281300,321000,333000,300000,17,84,-18.9,-9.9
BALNARRING,538800,575500,577500,480000,597000,12,31,10.8,24.4
BALNARRING BEACH,700000,865000,715000,840000,1005000,7,20,43.6,19.6
BALWYN,1800000,2000000,2245500,2225000,2060000,51,235,14.4,-7.4
BALWYN NORTH,1515000,1695000,1960000,1905000,1793000,90,442,18.3,-5.9
BANNOCKBURN,410000,425000,375000,378300,421300,14,68,2.7,11.4
BARANDUDA,346100,291500,322000,332000,324000,9,28,-6.4,-2.4
BARWON HEADS,775000,745000,835000,725000,835000,29,115,7.7,15.2
BAXTER,315000,335000,345000,337000,342000,9,47,8.6,1.5
BAYSWATER,562000,594200,641500,638900,635000,49,177,13,-0.6
BAYSWATER NORTH,500000,525000,584400,592000,580000,36,98,16,-2
BEACONSFIELD,542500,551500,525000,585000,585000,29,115,7.8,0
BEACONSFIELD UPPER,546500,539300,752000,602500,628500,4,18,15,4.3
BEAUFORT,220000,209000,175000,227500,240000,7,19,9.1,5.5
BEAUMARIS,1123300,1255000,1455000,1410000,1445000,63,197,28.6,2.5
BEECHWORTH,341000,319000,322500,338500,380000,19,61,11.4,12.3
BELGRAVE,427000,470000,493500,527500,477000,24,77,11.7,-9.6
BELGRAVE HEIGHTS,479500,487500,585500,599500,694500,4,23,44.8,15.8
BELL PARK,325500,316800,341000,343500,352500,20,78,8.3,2.6
BELL POST HILL,335500,350800,360000,353500,332700,20,70,-0.8,-5.9
BELLBRIDGE,214000,280000,310000,280000,220000,2,12,2.8,-21.4
BELLFIELD (Greater Melbourne),611500,717500,700000,751000,698000,12,28,14.1,-7.1
BELMONT,380000,388200,391000,392000,402000,70,276,5.8,2.6
BENALLA,251000,225000,212500,227500,223000,49,180,-11.2,-2
BENDIGO,338300,390000,350000,312000,385000,33,143,13.8,23.4
BENTLEIGH,1020500,1122500,1210000,1237500,1252000,51,221,22.7,1.2
BENTLEIGH EAST,909500,918300,962000,1070000,1030000,95,423,13.2,-3.7
BERWICK,500000,493500,520000,550000,565000,231,962,13,2.7
BEVERIDGE,510500,472500,415000,415000,405000,3,22,-20.7,-2.4
BIRCHIP,150000,80000,127500,84000,147500,2,14,-1.7,75.6
BIRREGURRA,365000,317500,252500,290000,310000,3,14,-15.1,6.9
BITTERN,401000,368500,378800,386300,390000,9,53,-2.7,1
BLACK HILL,325800,290000,307800,375000,268000,16,38,-17.7,-28.5
BLACK ROCK,1670000,1556300,1513000,1842500,1418000,22,95,-15.1,-23
BLACKBURN,967500,1075000,1222600,1200000,1233000,46,192,27.4,2.8
BLACKBURN NORTH,830000,855000,958500,965500,940000,23,92,13.3,-2.6
BLACKBURN SOUTH,850000,901000,945500,925000,903500,38,145,6.3,-2.3
BLACKWOOD,255000,316000,253000,273300,225500,2,16,-11.6,-17.5
BLAIRGOWRIE,605000,610000,650500,615000,666000,45,178,10.1,8.3
BLIND BIGHT,410000,417500,385000,332500,430000,7,26,4.9,29.3
BONBEACH,640000,681500,700500,702000,720000,23,98,12.5,2.6
BONNIE DOON,225500,285000,160000,160000,293000,3,16,29.9,NA
BOOLARRA,322500,220000,197000,220000,175000,1,12,-45.7,-20.5
BORONIA,530400,565000,561000,619000,575600,54,287,8.5,-7
BOTANIC RIDGE,545000,525000,640000,568500,571000,19,80,4.8,0.4
BOX HILL,1000000,1500000,1450000,1517500,1290000,15,74,29,-15
BOX HILL NORTH,945000,1040000,1055800,1150000,1012500,52,178,7.1,-12
BOX HILL SOUTH,1002500,1070000,1174000,1201800,1160000,39,135,15.7,-3.5
BRAYBROOK,490000,501500,546000,565000,555000,37,109,13.3,-1.8
BREAKWATER,248800,255000,267500,292500,282500,4,21,13.6,-3.4
BRIAGOLONG,200000,215000,199000,215000,194000,2,16,-3,-9.8
BRIAR HILL,591000,620500,682000,694500,682500,8,36,15.5,-1.7
BRIDGEWATER ON LODDON,215000,250000,245000,123000,123000,0,5,NA,NA
BRIGHT,415000,397500,360000,495000,412500,12,62,-0.6,-16.7
BRIGHTON,1900000,2300000,2120000,2375000,2250000,91,349,18.4,-5.3
BRIGHTON EAST,1300000,1492500,1642500,1750000,1503000,66,241,15.6,-14.1
BROADFORD,275000,271000,255000,300000,267500,24,78,-2.7,-10.8
BROADMEADOWS,348000,359000,370000,380000,375000,41,183,7.8,-1.3
BROOKFIELD,350000,330000,340000,359000,351000,54,189,0.3,-2.2
BROOKLYN,548800,578500,615000,670000,585000,7,33,6.6,-12.7
BROWN HILL,278800,265800,262500,251300,331500,20,84,18.9,31.9
BRUNSWICK,800000,800000,860000,890000,898000,63,224,12.3,0.9
BRUNSWICK EAST,800000,815000,887500,886500,945000,25,77,18.1,6.6
BRUNSWICK WEST,820000,805900,913000,865000,905000,39,134,10.4,4.6
BULLEEN,980000,920000,1195000,1105000,1020000,27,141,4.1,-7.7
BUNDALONG,280000,340000,377500,206000,433800,4,13,54.9,110.6
BUNDOORA,565000,575000,585000,605000,650000,85,338,15,7.4
BUNINYONG,343500,346500,395000,337500,352500,16,59,2.6,4.4
BUNYIP,360300,358000,425000,440000,405300,8,29,12.5,-7.9
BURNLEY,1401000,1030000,972500,955000,915000,3,13,-34.7,-4.2
BURNSIDE,387500,395000,416500,450000,415000,20,101,7.1,-7.8
BURNSIDE HEIGHTS,436000,430000,443500,452000,510000,25,99,17,12.8
BURWOOD,925000,1100000,1251000,1247500,1125000,43,226,21.6,-9.8
BURWOOD EAST,810500,900500,1025800,994000,949000,30,142,17.1,-4.5
CAIRNLEA,582500,570000,540000,550000,597800,32,120,2.6,8.7
CALIFORNIA GULLY,278800,261000,250000,253000,276300,18,80,-0.9,9.2
CAMBERWELL,1742500,1810000,2085000,2005000,1805000,75,314,3.6,-10
CAMPBELLFIELD,370000,355000,375000,371800,395000,9,64,6.8,6.3
CAMPBELLS CREEK,342500,393000,435000,320000,415000,7,27,21.2,29.7
CAMPERDOWN,180000,220000,220000,212500,192000,19,76,6.7,-9.6
CANADIAN,342500,350000,290000,328000,341000,19,66,-0.4,4
CANTERBURY,2200500,2400000,2735000,2520000,2400000,27,131,9.1,-4.8
CAPE PATERSON,341800,350000,372700,372000,316000,12,44,-7.5,-15.1
CAPE SCHANCK,440000,655000,895000,1007500,542500,5,20,NA,-46.2
CARDIGAN VILLAGE,250000,337500,462500,462500,393500,2,7,57.4,NA
CARISBROOK,258000,187500,245000,208800,200000,7,23,-22.5,-4.2
CARLTON,1230000,1130000,1215000,1137500,1159000,16,66,-5.8,1.9
CARLTON NORTH,1245000,970000,1250000,1341000,1195000,32,78,-4,-10.9
CARNEGIE,1117000,1190000,1205000,1285000,1315000,32,119,17.7,2.3
CAROLINE SPRINGS,475000,450000,481300,492000,503500,104,439,6,2.3
CARRUM,507500,565000,612000,627500,630500,13,49,24.2,0.5
CARRUM DOWNS,343800,355000,369000,382500,363800,63,308,5.8,-4.9
CASTERTON,127500,87500,119000,97500,107500,4,26,-15.7,10.3
CASTLEMAINE,396300,352000,371500,380000,395000,37,154,-0.3,3.9
CAULFIELD,1325000,1417500,1750000,1670000,1711000,21,61,29.1,2.5
CAULFIELD EAST,1060500,1090000,962500,1165000,1165000,0,11,NA,NA
CAULFIELD NORTH,1660000,1740000,1944400,1915000,1780000,31,128,7.2,-7
CAULFIELD SOUTH,1260000,1385000,1362300,1400000,1325000,37,129,5.2,-5.4
CHADSTONE,838000,880000,955000,941500,960000,19,89,14.6,2
CHARLTON,116500,163500,135000,197500,202200,2,17,73.5,2.4
CHELSEA,583800,689700,660000,727000,790000,17,83,35.3,8.7
CHELSEA HEIGHTS,510000,545000,580000,615000,600000,18,63,17.6,-2.4
CHELTENHAM,785000,787500,882500,977500,895000,41,178,14,-8.4
CHELTENHAM EAST,670000,720100,745300,798100,771000,21,74,15.1,-3.4
CHELTENHAM NORTH,662000,610000,740000,780000,755000,11,42,14,-3.2
CHILTERN,185000,230000,185000,238000,200000,7,25,8.1,-16
CHIRNSIDE PARK,502500,520000,570000,595000,571500,50,169,13.7,-3.9
CHUM CREEK,365000,361500,420000,565000,435000,2,7,19.2,-23
CHURCHILL,155000,179000,175000,165000,168500,24,71,8.7,2.1
CLARINDA,652000,636500,680000,677500,740000,17,70,13.5,9.2
CLAYTON,825500,905000,965000,1000000,980000,17,88,18.7,-2
CLAYTON NORTH,875500,955000,950000,1155000,1049400,18,58,19.9,-9.1
CLAYTON SOUTH,582500,630000,655000,584500,735000,12,40,26.2,25.7
CLIFTON HILL,1280000,1025000,1050000,1110000,1085000,21,92,-15.2,-2.3
CLIFTON SPRINGS,344000,355000,357000,369000,336000,48,183,-2.3,-8.9
CLUNES,212500,250000,295000,237500,239500,12,32,12.7,0.8
CLYDE,381300,294900,397500,397000,399500,6,22,4.8,0.6
CLYDE NORTH,362500,282000,367500,433700,448000,59,298,23.6,3.3
COBDEN,227500,250000,173500,180000,170000,5,23,-25.3,-5.6
COBRAM,215000,193800,199500,260000,248000,35,115,15.3,-4.6
COBURG,727500,765000,750000,830000,761000,73,264,4.6,-8.3
COBURG EAST,599000,651000,610000,715000,697500,20,85,16.4,-2.4
COBURG NORTH,615000,650000,626300,683000,665000,21,83,8.1,-2.6
COCKATOO,361000,375000,400000,419000,385500,17,66,6.8,-8
COHUNA,132500,135000,192000,182500,170000,11,37,28.3,-6.8
COLAC,242000,243000,250000,237500,244000,42,166,0.8,2.7
COLDSTREAM,442000,430000,415000,436700,505000,9,26,14.3,15.7
COLERAINE,131500,115000,85500,90000,186000,1,19,41.4,106.7
COLLINGWOOD,760000,794500,947500,917500,947500,12,51,24.7,3.3
COOLAROO,292000,294500,295500,310000,315500,11,52,8,1.8
COONANS HILL,740000,672000,746000,737500,802500,10,34,8.4,8.8
CORINELLA,455000,245500,420000,450000,412500,6,23,-9.3,-8.3
CORIO,245000,236000,237000,240300,248800,68,256,1.5,3.5
CORONET BAY,182500,225000,255000,215000,240500,10,47,31.8,11.9
CORRYONG,137500,125000,190000,153500,175000,6,24,27.3,14
COWES,385000,380000,424500,420000,437200,13,59,13.6,4.1
COWES WEST,350000,338500,310000,352000,330000,39,180,-5.7,-6.3
CRAIGIEBURN,371000,385000,396000,387800,410000,244,947,10.5,5.7
CRANBOURNE,335000,340000,347500,375000,360000,68,350,7.5,-4
CRANBOURNE EAST,417500,421800,440000,440000,450000,59,279,7.8,2.3
CRANBOURNE NORTH,375000,412100,400000,430000,440000,81,371,17.3,2.3
CRANBOURNE WEST,315000,309300,339500,371400,373100,80,403,18.4,0.5
CREMORNE,955000,935000,1457800,847500,1185000,7,26,24.1,39.8
CRESWICK,301300,265000,246500,265800,268800,16,63,-10.8,1.1
CRIB POINT,360000,357500,345000,327500,358000,13,54,-0.6,9.3
CROYDON,551400,550000,590000,650000,661800,103,456,20,1.8
CROYDON HILLS,635000,677500,650000,743300,722000,23,68,13.7,-2.9
CROYDON NORTH,662000,610000,667000,707500,765000,39,111,15.6,8.1
CROYDON SOUTH,559000,581000,565000,597500,620000,25,81,10.9,3.8
CURLEWIS,438000,340000,397500,395000,381000,8,23,-13,-3.5
DALLAS,292000,322500,315000,328300,318500,34,104,9.1,-3
DALYSTON,282500,259000,230000,257000,257000,0,9,NA,NA
DANDENONG,441000,452000,462500,501000,510500,64,275,15.8,1.9
DANDENONG NORTH,425000,437900,480600,489000,510000,63,277,20,4.3
DANDENONG SOUTH,723800,511100,600000,750800,594000,3,12,-17.9,-20.9
DARLEY,351000,360000,355000,378300,431000,43,139,22.8,13.9
DAYLESFORD,440000,384500,455500,436000,500000,23,87,13.6,14.7
DEEPDENE,1990000,2285000,2900000,3000000,2720000,11,35,36.7,-9.3
DEER PARK,370000,371000,388000,400000,395000,69,318,6.8,-1.3
DELACOMBE,301300,299500,310000,285000,296600,19,84,-1.5,4.1
DELAHEY,370000,375000,405000,405000,388800,30,94,5.1,-4
DENNINGTON,323500,385000,340000,332500,336000,10,34,3.9,1.1
DERRIMUT,420000,423300,451000,490000,508500,36,137,21.1,3.8
DIAMOND CREEK,545000,545000,535800,610000,602000,39,201,10.5,-1.3
DIGGERS REST,503800,325000,336500,329300,312000,6,34,-38.1,-5.2
DIMBOOLA,99000,98000,113500,109500,117500,8,44,18.7,7.3
DINGLEY VILLAGE,686000,677000,707500,690000,682300,38,137,-0.5,-1.1
DINNER PLAIN,425000,375000,356000,345000,365000,1,16,-14.1,5.8
DONALD,95000,145000,148800,97500,96000,7,21,1.1,-1.5
DONCASTER,1060000,1110900,1296000,1308000,1256000,67,352,18.5,-4
DONCASTER EAST,904500,970000,1100000,1190500,1135000,93,397,25.5,-4.7
DONVALE,877000,934000,1050000,986500,930000,13,94,6,-5.7
DOREEN,445000,433500,435000,450000,458000,111,445,2.9,1.8
DOVETON,306000,329300,345000,350000,375000,40,200,22.5,7.1
DROMANA,540000,465000,550000,622500,576500,56,213,6.8,-7.4
DROUIN,310800,330000,309000,320000,335000,63,286,7.8,4.7
DRUMCONDRA,757000,745000,760000,725000,1010000,2,7,33.4,39.3
DRYSDALE,432000,414000,357500,457500,438000,14,56,1.4,-4.3
DUNKELD,172500,172500,85000,183500,195000,9,12,13,6.3
DUNOLLY,212000,153500,163000,189000,172500,4,14,-18.6,-8.7
EAGLE POINT,230000,214000,332000,462000,245000,1,15,6.5,-47
EAGLEHAWK,270000,285000,284000,280000,283500,25,95,5,1.3
EAGLEMONT,1637500,1416500,1520000,1805000,1750000,15,52,6.9,-3
EAST BAIRNSDALE,187500,166800,206000,178500,222500,6,25,18.7,24.6
EAST BENDIGO,360000,342500,298000,258500,350000,7,36,-2.8,35.4
EAST GEELONG,400000,420000,400000,488000,432000,15,77,8,-11.5
EAST MELBOURNE,1750000,2750000,1860000,2761900,2200000,7,18,25.7,-20.3
EAST WARBURTON,275000,280000,260000,342500,355000,8,19,29.1,3.6
EASTWOOD,345000,341000,320000,335000,335000,15,44,-2.9,0
ECHUCA,307500,292500,297500,300000,305000,63,214,-0.8,1.7
EDENHOPE,102500,90000,107500,100000,115000,3,15,12.2,15
EDITHVALE,656500,715000,704500,702000,835000,33,79,27.2,18.9
EILDON,162500,200000,210000,209000,220000,7,28,35.4,5.3
ELLIMINYT,285000,318800,335000,291500,270000,9,34,-5.3,-7.4
ELMORE,232000,280000,241000,148300,148300,0,11,NA,NA
ELSTERNWICK,1260000,1370000,1705000,1506000,1410000,31,86,11.9,-6.4
ELTHAM,676300,698500,720000,775000,795000,61,249,17.6,2.6
ELTHAM NORTH,722500,710000,735000,765000,810000,16,82,12.1,5.9
ELWOOD,1575000,1500000,1631000,1565000,1703800,46,147,8.2,8.9
EMERALD,449500,509800,487000,487500,517500,20,84,15.1,6.2
ENDEAVOUR HILLS,460000,460000,479500,522500,520000,91,374,13,-0.5
EPPING,391000,388500,385000,417000,405000,107,445,3.6,-2.9
EPSOM,365000,327500,350000,347500,335000,22,79,-8.2,-3.6
ESSENDON,929500,1200000,1237500,1082500,1150000,53,223,23.7,6.2
ESSENDON NORTH,863500,800000,826500,687500,840000,7,26,-2.7,22.2
ESSENDON WEST,920000,851000,908000,991500,810000,7,18,-12,-18.3
EUMEMMERRING,453000,401000,375000,423500,417500,10,29,-7.8,-1.4
EUREKA,289000,245000,270000,277000,240000,7,20,-17,-13.4
EUROA,240000,215000,212500,244000,269000,22,61,12.1,10.2
EYNESBURY,390000,365000,402500,415000,407500,15,56,4.5,-1.8
FAIRFIELD,862500,960000,1133500,1100000,1235000,19,59,43.2,12.3
FAIRHAVEN,750000,530500,878500,855000,982500,4,23,31,14.9
FAWKNER,455000,485000,500000,530000,572000,45,184,25.7,7.9
FERNTREE GULLY,525200,522000,591000,618500,600000,92,382,14.2,-3
FERNY CREEK,479000,530000,682000,621000,910000,5,22,90,46.5
FINGAL,760000,860000,855000,805000,992500,2,19,30.6,23.3
FITZROY,1040000,1285000,1295000,1363000,1100000,21,72,5.8,-19.3
FITZROY NORTH,965000,1100000,1272000,1370000,1050000,29,124,8.8,-23.4
FIVEWAYS,305000,330000,442000,375000,353500,2,15,15.9,-5.7
FLEMINGTON,760000,810000,875800,823000,811800,16,59,6.8,-1.4
FLINDERS,1600000,800000,730000,1300000,985000,9,37,-38.4,-24.2
FLORA HILL,315000,325000,317500,330500,318000,15,74,1,-3.8
FOOTSCRAY,650000,697500,650000,675000,729000,23,127,12.2,8
FOREST HILL,775000,801000,920000,916000,860000,31,159,11,-6.1
FORREST,310000,253000,240000,235000,340000,1,7,9.7,44.7
FOSTER,266300,360000,272500,350000,325000,5,21,22.1,-7.1
FRANKSTON,372000,400000,430000,439000,445700,173,748,19.8,1.5
FRANKSTON NORTH,276000,285500,288000,298500,307500,38,146,11.4,3
FRANKSTON SOUTH,565000,591300,630000,600000,630000,111,397,11.5,5
GARDEN CITY,1100000,1130000,1672500,1320000,1300000,5,22,18.2,-1.5
GARFIELD,345000,356800,410000,374800,350000,5,20,1.4,-6.6
GEELONG,531000,599000,550000,599000,633500,24,96,19.3,5.8
GEELONG WEST,462500,472500,472000,532500,505500,32,142,9.3,-5.1
GEMBROOK,400500,450500,387000,483300,465000,4,19,16.1,-3.8
GISBORNE,517500,475000,549000,555000,575000,39,158,11.1,3.6
GLADSTONE PARK,427500,428500,461000,460000,480000,39,142,12.3,4.3
GLEN HUNTLY,1085000,1085000,1605000,1761000,1405000,8,22,29.5,-20.2
GLEN IRIS,1615000,1635000,1875000,1760000,1868500,76,297,15.7,6.2
GLEN WAVERLEY,1003000,1130000,1201000,1282900,1150000,155,669,14.7,-10.4
GLENGARRY,335000,360000,265000,239000,375000,1,8,11.9,56.9
GLENROY,517000,522500,525000,585000,592600,59,278,14.6,1.3
GOLDEN BEACH,158300,179500,195000,168000,180000,3,19,13.7,7.1
GOLDEN POINT (Ballarat),275100,259000,245000,256000,265000,17,75,-3.7,3.5
GOLDEN SQUARE,328500,305600,312500,272300,317500,36,163,-3.3,16.6
GOUGHS BAY,265000,282500,371000,245000,255000,5,18,-3.8,4.1
GOWANBRAE,550000,542500,495000,581000,628000,14,39,14.2,8.1
GRANTVILLE,279000,246300,227500,258500,228800,2,24,-18,-11.5
GREENSBOROUGH,595000,602500,642000,635000,650000,79,306,9.2,2.4
GREENVALE,557500,520000,507500,535000,575500,51,221,3.2,7.6
GROVEDALE,356000,375000,365000,370000,370000,60,245,3.9,0
HADFIELD,510000,550000,535000,570000,552000,25,86,8.2,-3.2
HALLAM,400000,402000,430000,422500,445000,38,173,11.3,5.3
HALLS GAP,247000,277500,262000,245000,209000,4,15,-15.4,-14.7
HAMILTON,175500,175000,192500,212500,215000,26,147,22.5,1.2
HAMLYN HEIGHTS,385000,381500,357000,389000,395000,36,120,2.6,1.5
HAMPTON,1400000,1303500,1560000,1685000,1900500,36,173,35.8,12.8
HAMPTON EAST,847000,1025000,930000,1060000,1152500,18,72,36.1,8.7
HAMPTON PARK,342000,341500,365500,374500,383500,102,432,12.1,2.4
HARCOURT,326500,356500,356500,295000,230000,1,5,-29.6,-22
HASTINGS,368000,312000,355800,381000,375000,47,126,1.9,-1.6
HASTINGS WEST,235500,307500,253500,352500,280000,9,28,18.9,-20.6
HAWTHORN,1641000,2370000,1830000,1857500,2001300,51,189,22,7.7
HAWTHORN EAST,1820000,1738000,2005000,1877500,1750000,56,178,-3.8,-6.8
HEALESVILLE,435800,435000,438000,462000,450000,25,109,3.3,-2.6
HEATHCOTE,252500,240000,240000,285000,270000,10,43,6.9,-5.3
HEATHERTON,742500,682500,762500,837500,785000,9,29,5.7,-6.3
HEATHMONT,687000,750000,750000,778000,775000,37,136,12.8,-0.4
HEIDELBERG,863000,895000,965000,1120000,1015000,19,67,17.6,-9.4
HEIDELBERG HEIGHTS,625000,604000,660000,810000,670000,23,84,7.2,-17.3
HEIDELBERG WEST,456500,480000,560500,600000,625000,26,87,36.9,4.2
HEPBURN SPRINGS,425000,410000,310000,412500,405000,4,13,-4.7,-1.8
HERNE HILL,358800,390000,345000,367500,385000,13,48,7.3,4.8
HEYFIELD,230000,185000,185500,177500,172000,9,38,-25.2,-3.1
HEYWOOD,95000,235000,190000,220000,124000,5,29,30.5,-43.6
HIGHETT,922000,952500,960000,1050000,996300,34,130,8.1,-5.1
HIGHTON,522500,495000,489900,525000,497500,100,366,-4.8,-5.2
HILLSIDE (Melton),437500,463800,465000,476000,480500,60,237,9.8,0.9
HOPPERS CROSSING,342500,345000,350000,374000,375000,145,626,9.5,0.3
HORSHAM,220000,245800,247300,225000,239500,78,307,8.9,6.4
HUGHESDALE,920000,946000,1070000,1195000,1250500,14,53,35.9,4.6
HUNTINGDALE,765000,740000,850000,891300,928000,2,20,21.3,4.1
HUNTLY,295000,304000,355000,382500,335000,1,12,13.6,-12.4
HURSTBRIDGE,450000,537500,545300,545000,555000,14,38,23.3,1.8
INDENTED HEAD,403800,390000,300000,420000,380000,8,43,-5.9,-9.5
INGLEWOOD,146300,165000,158500,158500,200000,5,9,36.8,NA
INVERLEIGH,321400,379000,355000,425000,229000,1,14,-28.7,-46.1
INVERLOCH,434500,392000,440000,422500,435000,46,200,0.1,3
INVERMAY PARK,387000,405000,373800,415000,415000,9,25,7.2,0
IRONBARK,295000,375000,360000,250000,309800,4,26,5,23.9
IRYMPLE,210000,232500,235000,282500,318500,19,63,51.7,12.7
IVANHOE,1266500,1303000,1190000,1435000,1397000,29,118,10.3,-2.6
IVANHOE EAST,1440000,1405000,1558800,1800000,1410000,7,43,-2.1,-21.7
JACANA,333000,335000,370000,374500,402500,16,43,20.9,7.5
JACKASS FLAT,366000,351800,333600,349500,293500,4,14,-19.8,-16
JAMIESON,224000,224000,224000,160000,258500,2,5,15.4,61.6
JAN JUC,603000,690000,600000,580000,636000,23,95,5.5,9.7
JEPARIT,60000,99000,115000,80000,61000,5,21,1.7,-23.8
JOLIMONT,2850000,4615000,2500000,2500000,1862500,2,9,-34.6,NA
JUNCTION VILLAGE,320000,381300,360000,416900,416900,0,10,NA,NA
JUNORTOUN,488500,400000,302500,462500,462500,0,17,NA,NA
KALIMNA,255000,250000,400000,237000,288800,8,20,13.2,21.8
KALLISTA,419500,520000,560000,584000,506000,9,31,20.6,-13.4
KALORAMA,434000,497000,465000,456300,521200,5,28,20.1,14.2
KANGAROO FLAT,296000,300500,305500,277500,315000,46,156,6.4,13.5
KANGAROO GROUND SOUTH,602000,660000,640000,766000,650000,10,31,8,-15.1
KANIVA,110000,107500,81500,155000,100000,10,19,-9.1,-35.5
KEALBA,410000,424000,389000,410000,393500,22,67,-4,-4
KEILOR,650000,657500,741000,686500,725000,24,76,11.5,5.6
KEILOR DOWNS,450000,460000,470000,497500,525000,21,87,16.7,5.5
KEILOR EAST,610000,619500,625000,705000,695300,44,202,14,-1.4
KEILOR LODGE,520000,520000,482500,566000,650000,3,16,25,14.8
KEILOR PARK,510000,591300,570000,574000,548000,10,32,7.5,-4.5
KENNINGTON,325000,305000,342500,390000,317800,26,93,-2.2,-18.5
KENSINGTON,780000,743500,860000,795000,903000,38,120,15.8,13.6
KERANG,130000,152500,150000,165000,135000,15,70,3.8,-18.2
KEW,2150000,1939000,2010000,2346500,1980000,75,295,-7.9,-15.6
KEW EAST,1370000,1435500,1435500,1550000,1600000,4,10,16.8,3.2
KEW NORTH,1305500,1397000,1727000,1619000,1765000,20,65,35.2,9
KEYSBOROUGH,480000,493000,550000,600000,625000,80,379,30.2,4.2
KIALLA,356000,365000,366000,365000,382500,16,86,7.4,4.8
KILMORE,312500,315000,345000,341000,350000,25,116,12,2.6
KILSYTH,480600,464000,502500,559000,587500,52,188,22.2,5.1
KILSYTH SOUTH,603000,665000,664000,660000,732500,8,29,21.5,11
KINGLAKE,405300,279500,344000,330000,382500,6,23,-5.6,15.9
KINGS PARK,339000,340000,355000,360000,375000,29,130,10.6,4.2
KINGSBURY,511000,550000,526000,606500,590000,10,48,15.5,-2.7
KINGSVILLE,741000,645300,765000,771300,830000,18,54,12,7.6
KNOXFIELD,593800,602500,683500,745000,705000,31,123,18.7,-5.4
KOO WEE RUP,355000,370000,330000,342000,345000,17,72,-2.8,0.9
KOONDROOK,145000,325000,140000,159000,217000,5,16,49.7,36.5
KOROIT,266000,302500,235000,240000,320000,5,31,20.3,33.3
KORUMBURRA,195000,250000,254000,265000,263000,21,86,34.9,-0.8
KURUNJANG,280000,296000,270000,300000,300000,42,169,7.1,0
KYABRAM,241300,240000,240000,200000,247500,21,93,2.6,23.8
KYNETON,396200,406300,402500,435000,463000,30,139,16.9,6.4
LAKE BOGA,200000,165000,250000,264500,210000,1,9,5,-20.6
LAKE GARDENS,442000,475000,450000,378800,468000,12,35,5.9,23.6
LAKE TYERS BEACH,402500,415000,350000,266300,290000,5,27,-28,8.9
LAKE WENDOUREE,650000,777500,635000,680000,750000,10,67,15.4,10.3
LAKES ENTRANCE,264000,245000,235000,290000,255000,29,99,-3.4,-12.1
LALOR,385000,422500,430000,450000,471500,78,298,22.5,4.8
LANCEFIELD,315000,395000,362500,328800,360000,9,35,14.3,9.5
LANG LANG,317500,341000,263500,328500,360000,11,38,13.4,9.6
LANGWARRIN,420000,436000,455800,450000,455000,82,344,8.3,1.1
LARA,340000,401000,306300,367500,357000,24,68,5,-2.9
LARA LAKE,370000,350000,380000,412500,355000,37,149,-4.1,-13.9
LAUNCHING PLACE,365000,350000,340000,385000,365800,7,31,0.2,-5
LAVERTON,368500,337500,375000,392300,381000,22,121,3.4,-2.9
LAVERTON SOUTH,426000,435000,471500,452000,460000,23,97,8,1.8
LENEVA,380000,380000,365000,450000,382500,4,14,0.7,-15
LEONGATHA,310500,307500,310000,305000,305000,24,100,-1.8,0
LEOPOLD,370000,365000,355000,382500,370000,53,204,0,-3.3
LILYDALE,480000,510000,530000,575000,602000,47,273,25.4,4.7
LINDENOW,195000,206300,230000,210000,260000,3,15,33.3,23.8
LOCH SPORT,137000,140000,130000,158800,157500,20,99,15,-0.8
LONG GULLY,261300,266300,240000,241000,236300,10,56,-9.6,-2
LONGWARRY,320000,291000,299000,303800,326400,12,53,2,7.4
LORNE,815000,920000,685000,770000,997500,20,59,22.4,29.5
LOVELY BANKS,380000,410000,407500,395000,388500,8,22,2.2,-1.6
LOWER PLENTY,750000,750000,825000,717000,785000,13,38,4.7,9.5
LUCAS,381000,359000,392000,345000,430300,8,30,12.9,24.7
LUCKNOW,208800,243800,230000,230000,207000,7,22,-0.8,-10
LYNBROOK,485000,466000,475000,505000,508800,22,108,4.9,0.7
LYNDHURST,512500,502500,547500,556000,565000,32,137,10.2,1.6
LYSTERFIELD,645000,722500,786500,763500,825000,31,96,27.9,8.1
LYSTERFIELD SOUTH,808000,1112500,1100000,655000,919500,2,16,13.8,40.4
MACEDON,535000,520000,525000,641300,595000,7,24,11.2,-7.2
MACLEOD,710000,697500,745000,800000,732500,40,132,3.2,-8.4
MADDINGLEY,312500,319000,337500,335000,355000,11,57,13.6,6
MAFFRA,221000,180000,222500,248500,225000,19,82,1.8,-9.5
MAIDEN GULLY,445000,421000,476500,468500,405000,6,42,-9,-13.6
MAIDSTONE,585000,601000,605000,675000,692500,24,119,18.4,2.6
MALDON,292500,390000,300000,330000,350000,7,38,19.7,6.1
MALLACOOTA,350000,265000,268500,287500,325000,3,26,-7.1,13
MALVERN,1950000,2470000,2277500,2140000,1970000,33,135,1,-7.9
MALVERN EAST,1400000,1686300,1596000,1642000,1562500,70,262,11.6,-4.8
MANIFOLD HEIGHTS,507000,452000,475000,545000,475000,13,56,-6.3,-12.8
MANOR LAKES,375000,368000,352500,380500,376500,34,172,0.4,-1.1
MANSFIELD,345000,365000,285000,380000,392500,18,70,13.8,3.3
MARIBYRNONG,780000,787500,870000,840000,845000,42,140,8.3,0.6
MARONG,235000,385000,340000,407000,353000,2,13,50.2,-13.3
MARSHALL,377500,338000,380000,375000,379000,11,38,0.4,1.1
MARYBOROUGH,205000,192500,188300,184500,187500,32,160,-8.5,1.6
MCCRAE,565000,602000,505000,568800,642500,22,130,13.7,13
MCKINNON,1281300,1352000,1414000,1571000,1597500,12,72,24.7,1.7
MEADOW HEIGHTS,322500,337000,345000,359000,374000,35,181,16,4.2
MELTON,246000,257500,251300,249000,261500,44,145,6.3,5
MELTON SOUTH,252500,260000,257500,269500,272000,37,167,7.7,0.9
MELTON WEST,315000,320000,334000,315000,318500,76,369,1.1,1.1
MENTONE,808000,840000,1120000,929000,975000,36,122,20.7,5
MERBEIN,170000,215000,165000,181100,192500,14,47,13.2,6.3
MERINDA PARK,316500,341000,342500,345000,345000,13,49,9,0
MERNDA,377500,400000,400000,410000,425000,87,351,12.6,3.7
MERRIGUM,140000,140000,140000,204000,297500,1,4,112.5,45.8
METUNG,340000,255000,360000,290000,381300,10,35,12.1,31.5
MICKLEHAM,440400,436700,389900,480000,344000,12,32,-21.9,-28.3
MIDDLE PARK,2135000,2132500,3085000,1950000,2150000,15,52,0.7,10.3
MILDURA,248000,262000,235000,250400,260000,163,699,4.8,3.9
MILL PARK,431500,485000,455000,485000,500000,106,382,15.9,3.1
MILLGROVE,279000,260000,260000,269000,300000,12,46,7.5,11.5
MINERS REST,342000,345000,322500,335500,330000,16,69,-3.5,-1.6
MINYIP,113000,117000,117000,89500,93000,1,10,-17.7,3.9
MIRBOO NORTH,269000,280000,231300,253500,305000,6,21,13.4,20.3
MITCHAM,758000,780000,900000,912500,920000,63,204,21.4,0.8
MITCHELL PARK,240000,350000,250000,255000,375000,3,16,56.3,47.1
MOE,175000,157000,169000,160000,168000,40,191,-4,5
MONBULK,473500,450000,470000,473000,495000,10,44,4.5,4.7
MONT ALBERT,1572500,1790000,1877000,2057500,1655000,8,58,5.2,-19.6
MONT ALBERT NORTH,1200000,1300000,1560000,1360000,1253500,19,74,4.5,-7.8
MONTMORENCY,640500,708300,703500,729000,770000,35,120,20.2,5.6
MONTROSE,480000,515000,585000,584000,570000,27,112,18.8,-2.4
MOONEE PONDS,915000,992000,1052500,1047500,950000,44,193,3.8,-9.3
MOORABBIN,765000,818500,875000,870000,865000,23,96,13.1,-0.6
MOOROOLBARK,470500,511000,550000,569500,588800,94,398,25.1,3.4
MOOROOPNA,216000,235000,220000,227500,224000,29,127,3.7,-1.5
MORDIALLOC,805000,821700,840500,885000,850000,23,79,5.6,-4
MORNINGTON,571300,625000,645000,625000,630000,118,502,10.3,0.8
MORTLAKE,157500,135000,80000,140000,120000,9,24,-23.8,-14.3
MORWELL,138300,137500,141500,168800,165000,63,238,19.3,-2.2
MOUNT BEAUTY,185000,185000,207000,192500,170000,5,24,-8.1,-11.7
MOUNT CLEAR,285000,323800,313800,356000,321000,18,74,12.6,-9.8
MOUNT DANDENONG,575000,532500,675000,636000,576000,9,31,0.2,-9.4
MOUNT DUNEED,499000,625000,461000,568500,475000,11,23,-4.8,-16.4
MOUNT ELIZA,815000,810000,818000,835300,850000,113,412,4.3,1.8
MOUNT EVELYN,442500,458000,485000,495000,530000,44,141,19.8,7.1
MOUNT HELEN,365000,380000,342000,344000,330000,7,46,-9.6,-4.1
MOUNT MACEDON,630000,635000,681000,575000,612300,4,22,-2.8,6.5
MOUNT MARTHA,760000,726500,797500,725000,820000,29,141,7.9,13.1
MOUNT PLEASANT,280000,302000,307500,261500,281000,14,52,0.4,7.5
MOUNT WAVERLEY,1000000,1200000,1300000,1327500,1250000,133,532,25,-5.8
MULGRAVE,650800,654000,722500,785000,805000,75,233,23.7,2.5
MURRUMBEENA,1022500,995600,1285000,1195000,1276000,27,94,24.8,6.8
MURTOA,134800,91000,89000,100000,158500,2,21,17.6,58.6
MYRTLEFORD,248000,231300,233000,242000,248000,15,52,0,2.5
NAGAMBIE,396500,380000,418500,226300,340000,7,28,-14.2,50.3
NARRE WARREN,397500,401000,420000,430000,455000,109,422,14.5,5.8
NARRE WARREN NORTH,878000,760000,581000,840000,843000,16,59,-4,0.4
NARRE WARREN SOUTH,450300,456300,475000,510000,485000,112,455,7.7,-4.9
NATHALIA,162500,205000,200000,217000,138000,11,26,-15.1,-36.4
NEERIM SOUTH,361500,280000,257000,326400,349000,5,17,-3.5,6.9
NERRINA,700000,462500,585000,410000,575000,5,18,-17.9,40.2
NEW GISBORNE,528000,565000,531000,465000,490000,7,43,-7.2,5.4
NEWBOROUGH,230000,224500,236300,201300,229000,28,122,-0.4,13.8
NEWCOMB,280000,290000,298500,317000,290000,19,75,3.6,-8.5
NEWINGTON,475000,340000,345000,305100,356000,13,46,-25.1,16.7
NEWPORT,720000,762000,769000,863400,845000,65,232,17.4,-2.1
NEWSTEAD,365000,367100,335000,391000,310000,1,12,-15.1,-20.7
NEWTOWN (Geelong),670000,693800,625000,612500,651000,56,195,-2.8,6.3
NHILL,90000,113500,126000,155000,110000,8,40,22.2,-29
NIDDRIE,746500,772000,850000,877500,862500,18,92,15.5,-1.7
NOBLE PARK,451800,476000,494000,535000,550000,76,296,21.7,2.8
NOBLE PARK NORTH,430000,448000,481000,516500,541000,19,83,25.8,4.7
NORLANE,216000,216000,220000,215000,216500,45,171,0.2,0.7
NORTH BENDIGO,230000,246500,273500,281000,313800,14,64,36.4,11.6
NORTH GEELONG,309500,294800,363300,360000,260000,11,44,-16,-27.8
NORTH MELBOURNE,832000,861000,877500,1030000,1220000,17,66,46.6,18.4
NORTH WONTHAGGI,237000,239000,267500,323000,315000,13,72,32.9,-2.5
NORTHCOTE,1035000,929500,985000,1080000,1070500,78,226,3.4,-0.9
NOTTING HILL,712500,738000,767100,800500,841000,9,33,18,5.1
NUMURKAH,195000,237500,253800,193000,200000,14,67,2.6,3.6
NUNAWADING,735800,813500,858000,900000,892500,34,137,21.3,-0.8
NYAH WEST,127500,110000,158000,155000,135000,1,7,5.9,-12.9
OAK PARK,640500,607500,770000,750000,650000,20,84,1.5,-13.3
OAKLEIGH,852000,890000,992500,1036000,1012500,20,78,18.8,-2.3
OAKLEIGH EAST,845000,860000,1008000,1200000,977600,6,31,15.7,-18.5
OAKLEIGH SOUTH,712500,740000,839000,840000,861000,20,90,20.8,2.5
OCEAN GROVE,518800,500000,510000,523500,522500,82,380,0.7,-0.2
OFFICER,423800,426800,390000,465500,485000,21,121,14.5,4.2
OLINDA,592500,597500,450000,480000,540000,3,21,-8.9,12.5
ORBOST,150000,150000,145300,145000,135000,6,41,-10,-6.9
ORMOND,1039000,1130000,1180000,1545000,1420000,13,80,36.7,-8.1
OSBORNE,560000,539000,585000,585000,618500,32,122,10.4,5.7
OUYEN,66500,120000,71500,95000,120000,9,28,80.5,26.3
PAKENHAM,354800,350000,360000,365000,380000,247,"1,065",7.1,4.1
PARK ORCHARDS,1120000,1201000,1115000,1445800,1244000,10,35,11.1,-14
PARKDALE,890000,876300,855000,970000,1008000,38,127,13.3,3.9
PARKVILLE,1775000,1280000,1445300,1255000,1275000,9,24,-28.2,1.6
PASCOE VALE,670000,713000,701000,715000,695000,34,172,3.7,-2.8
PASCOE VALE SOUTH,700000,685000,803500,760000,722500,30,118,3.2,-4.9
PATTERSON GARDENS,715000,738800,677500,677500,823800,4,27,15.2,21.6
PATTERSON LAKES,997500,714000,805000,750000,875000,16,97,-12.3,16.7
PAYNESVILLE,282500,315000,303800,260000,347000,21,115,22.8,33.5
PEARCEDALE,480000,449000,475000,465100,495000,9,39,3.1,6.4
PLUMPTON,351000,351000,465500,465500,470000,5,6,33.9,NA
POINT COOK,460000,472000,462500,505000,506500,182,821,10.1,0.3
POINT LONSDALE,715000,696300,820000,625000,615000,29,88,-14,-1.6
POREPUNKAH,342500,295000,390000,326000,297500,4,15,-13.1,-8.7
PORT CAMPBELL,285000,285000,282000,296000,292500,1,6,2.6,-1.2
PORT FAIRY,437500,415000,472500,426000,580000,28,97,32.6,36.2
PORT MELBOURNE,1037500,1195000,1350000,1287500,1260000,31,131,21.4,-2.1
PORTARLINGTON,400000,431300,432000,351000,410000,42,133,2.5,16.8
PORTLAND,197500,225000,206000,223500,224500,26,139,13.7,0.4
PORTSEA,1577500,1710000,1260000,1925000,1800000,14,58,14.1,-6.5
POWELLTOWN,300000,220000,270000,270000,220000,5,7,-26.7,NA
PRAHRAN,1300000,1250000,1351300,1332500,1547500,36,149,19,16.1
PRESTON,708000,695000,801500,815000,810000,77,296,14.4,-0.6
PRINCES HILL,1500000,1185000,1515000,973000,1287500,4,15,-14.2,32.3
QUARRY HILL,385000,360300,361500,375800,387500,13,64,0.6,3.1
QUEENSCLIFF,523000,717000,718500,755000,565300,13,50,8.1,-25.1
RAINBOW,92000,113000,94000,57500,84000,2,13,-8.7,46.1
RAYMOND ISLAND,342500,282500,277000,276300,328000,4,22,-4.2,18.7
RED CLIFFS,178800,172500,174000,180000,160000,15,70,-10.5,-11.1
RED HILL,785000,610500,645000,700000,720000,4,16,-8.3,2.9
REDAN,235000,275000,223100,230000,245000,9,58,4.3,6.5
RESEARCH,740000,720800,744000,785000,624000,4,18,-15.7,-20.5
RESERVOIR,560000,565000,596300,630000,632500,160,584,12.9,0.4
RHYLL,650000,395000,382500,430000,575000,2,26,-11.5,33.7
RICHMOND,1030000,1160000,1150000,1065000,1204000,68,286,16.9,13.1
RIDDELLS CREEK,442500,405000,456500,512000,459000,14,49,3.7,-10.4
RINGWOOD,686500,703000,749500,860000,850000,67,238,23.8,-1.2
RINGWOOD EAST,641000,675000,735000,755000,785000,38,145,22.5,4
RINGWOOD NORTH,695000,730000,791000,780000,789000,37,133,13.5,1.2
RIPPLESIDE,443500,450000,572000,600000,615000,4,13,38.7,2.5
RIPPONLEA,1320000,1400000,1450000,1385000,900500,4,16,-31.8,-35
ROBINVALE,183000,176000,168300,245000,148800,7,29,-18.7,-39.3
ROCHESTER,212500,265000,250000,235000,226000,14,38,6.4,-3.8
ROCKBANK,283300,213500,206000,182900,260000,3,43,-8.2,42.2
ROMSEY,395000,403000,407500,437500,460000,11,55,16.5,5.1
ROSANNA,756500,814500,870000,950000,980000,31,111,29.5,3.2
ROSEBUD,390000,370000,396500,387000,398500,84,324,2.2,3
ROSEBUD SOUTH,496000,505000,493000,546900,530000,23,121,6.9,-3.1
ROSEBUD WEST,370000,385000,365000,406000,400000,35,131,8.1,-1.5
ROSEDALE,190000,276300,160000,197500,172500,6,25,-9.2,-12.7
ROWVILLE,630000,664000,731400,743000,713600,115,456,13.3,-4
ROXBURGH PARK,402500,388500,390000,410000,412000,75,322,2.4,0.5
RUSHWORTH,160000,189300,148000,190000,167500,8,18,4.7,-11.8
RUTHERGLEN,227000,239500,256000,250000,187500,10,35,-17.4,-25
RYE,452500,475000,470000,470000,520000,118,452,14.9,10.6
SAFETY BEACH,523800,580500,595000,564000,610000,46,230,16.5,8.2
SAILORS GULLY,262325,193800,365000,235000,195000,3,15,NA,-17
SALE,300000,315000,284000,295000,308000,59,276,2.7,4.4
SAN REMO,502500,391800,385000,443600,470000,11,44,-6.5,5.9
SANCTUARY LAKES,435000,405000,450000,555000,540000,107,513,24.1,-2.7
SANDHURST,528100,596900,610000,638000,656300,24,140,24.3,2.9
SANDRINGHAM,1276300,1387500,1500000,1565000,1486300,38,120,16.5,-5
SANDY POINT,360000,366300,345000,332500,435000,9,23,20.8,30.8
SASSAFRAS,485000,630000,548500,560000,515000,6,19,6.2,-8
SCORESBY,600000,612500,651800,707000,710000,19,79,18.3,0.4
SEA LAKE,63000,123300,100000,25000,145000,2,10,130.2,480
SEABROOK,415000,455000,433000,490000,502500,20,82,21.1,2.6
SEAFORD,450000,454500,452500,500000,515500,74,297,14.6,3.1
SEAHOLME,735000,820000,884000,855000,756300,8,30,2.9,-11.5
SEASPRAY,145800,208000,275000,80000,251300,2,8,72.4,214.1
SEBASTOPOL,235000,250000,237500,240000,246000,44,166,4.7,2.5
SEDDON,745000,865000,877000,823000,810000,16,74,8.7,-1.6
SELBY,513300,500000,437000,355000,515000,6,24,0.3,45.1
SEVILLE,402500,447500,480000,421500,471800,8,34,17.2,11.9
SEVILLE EAST,412000,336000,336000,425300,438000,3,13,6.3,3
SEYMOUR,232500,198500,223500,217000,249500,23,84,7.3,15
SHEPPARTON,256500,240000,250000,240000,263300,142,556,2.6,9.7
SHOREHAM,633000,680000,1275000,650000,1176800,4,14,85.9,81.1
SILVERLEAVES,461000,477500,475000,595000,489000,1,22,6.1,-17.8
SKENES CREEK,365000,541000,423800,410000,641300,2,9,75.7,56.4
SKYE,420000,400000,440000,457500,433200,39,138,3.1,-5.3
SMITHS BEACH,382500,445000,481000,455000,485000,4,26,26.8,6.6
SMYTHESDALE,223800,240000,220000,225000,225000,0,7,NA,NA
SOLDIERS HILL,315000,297500,264500,322500,318000,21,81,1,-1.4
SOMERS,790000,715000,625000,698000,702500,18,84,-11.1,0.6
SOMERVILLE,395000,400800,410000,443800,473000,44,172,19.7,6.6
SORRENTO,895000,830000,1000000,815000,908000,43,150,1.5,11.4
SOUTH DUDLEY,160500,239000,221500,179500,221500,2,14,38,23.4
SOUTH GEELONG,409800,480000,395000,399500,437000,5,22,6.7,9.4
SOUTH KINGSVILLE,685500,732000,645000,846000,751000,12,42,9.6,-11.2
SOUTH MELBOURNE,1042000,1285000,1372500,1017500,1372500,24,84,31.7,34.9
SOUTH MORANG,425000,425000,434500,460000,475000,83,347,11.8,3.3
SOUTH YARRA,1402500,1680000,1662500,1850000,1700000,43,173,21.2,-8.1
SPOTSWOOD,610000,749000,705000,890000,925000,12,45,51.6,3.9
SPRING GULLY,356000,368800,365000,322500,365000,17,50,2.5,13.2
SPRINGVALE,540500,602500,625000,680000,672000,37,148,24.3,-1.2
SPRINGVALE SOUTH,487000,527500,553300,562000,600000,31,120,23.2,6.8
ST ALBANS,387000,398000,412000,435500,451000,113,470,16.5,3.6
ST ALBANS PARK,342500,347500,316500,335000,315300,18,73,-8,-5.9
ST ANDREWS BEACH,507500,600000,440000,550000,550000,7,37,8.4,0
ST ARNAUD,145000,141000,160000,155000,127000,13,42,-12.4,-18.1
ST HELENA,620000,636300,720000,685300,727000,5,32,17.3,6.1
ST KILDA,1105000,1160000,1219000,1152500,1001000,20,82,-9.4,-13.1
ST KILDA EAST,1185000,1205000,1452500,1550000,1610000,17,83,35.9,3.9
ST KILDA WEST,2457500,1852500,2481300,1820000,1955500,11,33,-20.4,7.4
ST LEONARDS,352800,360000,362500,366000,458500,22,107,30,25.3
STAWELL,149300,176800,165000,175000,184000,20,102,23.3,5.1
STRATFORD,199000,298600,206300,275000,235500,8,36,18.3,-14.4
STRATHDALE,378000,437000,393300,391500,461000,16,102,22,17.8
STRATHFIELDSAYE,395000,399000,476300,375000,402000,19,55,1.8,7.2
STRATHMERTON,190000,180000,224500,180000,162500,4,14,-14.5,-9.7
STRATHMORE,910000,810000,1013500,1022500,1040000,42,152,14.3,1.7
STRATHMORE HEIGHTS,640000,682500,682500,697500,755000,3,15,18,8.2
STUDFIELD,630500,708000,800000,850000,768000,16,71,21.8,-9.6
SUNBURY,350000,375000,350800,380000,375000,156,650,7.1,-1.3
SUNDERLAND BAY,369000,273000,282000,401500,293500,4,18,-20.5,-26.9
SUNSET STRIP,290800,303800,265000,278000,240000,1,17,-17.5,-13.7
SUNSHINE,491000,485000,522000,567500,623000,32,124,26.9,9.8
SUNSHINE NORTH,435500,458500,505000,488000,530000,47,198,21.7,8.6
SUNSHINE WEST,415000,400300,450000,485000,490000,62,240,18.1,1
SURF BEACH,347500,355000,415000,270000,356000,10,33,2.4,31.9
SURREY HILLS,1520000,1590500,1800000,1875000,1721000,47,190,13.2,-8.2
SWAN HILL,229000,216000,240000,270000,268000,51,183,17,-0.7
SYDENHAM,410000,388500,470000,445000,446500,21,90,8.9,0.3
SYNDAL,1152500,1445000,1600000,1500000,1733000,15,72,50.4,15.5
TALLANGATTA,195000,222500,205000,250000,271300,6,27,39.1,8.5
TARNEIT,400000,390000,394000,405000,410000,153,636,2.5,1.2
TATURA,246000,235300,236500,217300,222800,16,60,-9.5,2.5
TAWONGA SOUTH,235000,280000,317500,300000,217500,6,21,-7.4,-27.5
TAYLORS HILL,494000,525000,527500,523000,542500,40,169,9.8,3.7
TAYLORS LAKES,497500,513500,555000,592000,600000,43,149,20.6,1.4
TECOMA,510000,523000,435000,531000,510500,16,43,0.1,-3.9
TEMPLESTOWE,990000,1100000,1188000,1129000,1139000,48,210,15.1,0.9
TEMPLESTOWE LOWER,840000,960000,970000,1080000,1070000,55,188,27.4,-0.9
TERANG,241300,190000,205500,242000,210000,5,30,-13,-13.2
THE BASIN,531000,518500,571000,563000,550000,25,70,3.6,-2.3
THE PATCH,475000,577500,715000,507000,480000,4,11,1,-5.3
THOMASTOWN,430000,430000,435000,440500,440000,61,257,2.3,-0.1
THOMSON (Geelong),295000,285000,272500,300000,302500,9,32,2.5,0.8
THORNBURY,856500,859300,930000,907500,1015000,54,176,18.5,11.8
TONGALA,168800,130000,143000,207500,157500,8,24,-6.7,-24.1
TOONGABBIE,257000,187000,100000,300000,245000,5,8,-4.7,-18.3
TOORADIN,505000,470000,501500,455400,447500,4,19,-11.4,-1.7
TOORAK,3085000,3912500,3980000,3752500,3057500,38,194,-0.9,-18.5
TOOTGAROOK,398000,395000,383300,395000,460000,29,127,15.6,16.5
TORQUAY,585000,581000,591300,660000,658100,80,313,12.5,-0.3
TRAFALGAR,330000,306500,317500,225000,305000,19,71,-7.6,35.6
TRARALGON,265000,268500,255000,265000,298000,102,470,12.5,12.5
TRARALGON EAST,410000,433000,485000,410000,385000,2,18,-6.1,-6.1
TRENTHAM,433000,475300,465000,430000,380000,6,21,-12.2,-11.6
TRUGANINA,379000,410000,385000,405000,421000,82,341,11.1,4
TULLAMARINE,408400,450000,490000,459000,517500,16,80,26.7,12.7
TYABB,341500,385000,400000,392500,392700,12,47,15,0
UPPER FERNTREE GULLY,507500,499300,525000,546500,550000,16,51,8.4,0.6
UPWEY,497000,473000,517500,547500,512000,27,105,3,-6.5
VENTNOR,370000,397500,390000,441100,503000,7,37,35.9,14
VENUS BAY,230000,230000,225000,232000,265500,16,99,15.4,14.4
VERMONT,752800,766000,880000,871000,846000,44,166,12.4,-2.9
VERMONT SOUTH,853600,895000,1010000,1090000,1025000,39,195,20.1,-6
VIEWBANK,760000,731500,810000,835000,838500,22,78,10.3,0.4
VIOLET TOWN,152500,198000,200000,177500,221300,2,12,45.1,24.6
WAHGUNYAH,175000,142500,244500,295000,283500,6,18,62,-3.9
WALLAN,377400,362000,380000,343800,350000,25,124,-7.3,1.8
WALLAN EAST,295000,310000,315000,309000,310000,5,38,5.1,0.3
WANDANA HEIGHTS,760000,585000,535000,595000,633000,12,33,-16.7,6.4
WANDIN NORTH,415400,475000,476500,497500,441000,12,38,6.2,-11.4
WANGARATTA,270000,273500,253500,283500,270800,96,378,0.3,-4.5
WANTIRNA,700000,730000,750000,820000,831500,56,213,18.8,1.4
WANTIRNA SOUTH,788000,831500,900000,860000,925000,61,197,17.4,7.6
WARATAH BAY,405000,390000,390000,390000,390000,0,5,NA,NA
WARBURTON,313000,330000,328500,280000,325000,17,56,3.8,16.1
WARNEET,360000,395000,347000,490000,435000,4,9,20.8,-11.2
WARRACKNABEAL,95000,109000,97500,125800,100000,11,54,5.3,-20.5
WARRAGUL,299000,251000,310500,315000,340000,93,411,13.7,7.9
WARRANDYTE,756300,741000,820000,837500,975000,19,56,28.9,16.4
WARRANWOOD,650000,646000,791100,791000,865000,10,52,33.1,9.4
WARRNAMBOOL,322500,325000,345000,320000,338300,112,491,4.9,5.7
WATERWAYS,890000,865200,916000,995000,900500,8,36,1.2,-9.5
WATSONIA,555000,584800,625000,623000,600000,19,72,8.1,-3.7
WATSONIA NORTH,566000,580000,645000,627500,640500,12,58,13.2,2.1
WATTLE GLEN,468300,652000,515000,544000,650000,3,14,38.8,19.5
WAURN PONDS,494800,479000,530000,480000,520000,21,75,5.1,8.3
WEDDERBURN,95000,90000,95000,110000,110000,0,11,NA,NA
WENDOUREE,260000,233000,246000,255000,260000,53,184,0,2
WENDOUREE WEST,165000,184900,225000,195500,220500,8,30,33.6,12.8
WERRIBEE,333800,325000,335000,335500,359300,172,710,7.6,7.1
WESBURN,285000,310000,343000,459000,420000,6,24,47.4,-8.5
WEST FOOTSCRAY,653800,670000,716000,732000,715000,27,125,9.4,-2.3
WEST MELBOURNE,963000,1482500,1080000,890000,1315000,7,23,NA,47.8
WEST WODONGA,311500,269500,315000,300000,325000,49,225,4.3,8.3
WESTALL,560000,561300,628100,652000,686000,16,85,22.5,5.2
WESTGARTH,1382500,1232500,1285000,1355000,1220000,13,36,-11.8,-10
WESTMEADOWS,421900,428500,450000,463000,440500,26,90,4.4,-4.9
WHEELERS HILL,856000,932000,970000,994000,1000000,67,311,16.8,0.6
WHITE HILLS,330500,330000,304000,255000,298800,14,62,-9.6,17.2
WHITTINGTON,283800,240000,320000,277000,250000,7,43,-11.9,-9.7
WHITTLESEA,361300,440000,363800,360000,430000,16,87,19,19.4
WILLIAMS LANDING,470000,498000,472000,610000,535000,27,132,13.8,-12.3
WILLIAMSTOWN,980000,1115000,1132500,1117500,1120000,65,223,14.3,0.2
WILLIAMSTOWN NORTH,720000,588400,790000,930000,805000,7,18,11.8,-13.4
WILLOW GROVE,177000,270000,240000,240000,118500,3,9,NA,NA
WIMBLEDON HEIGHTS,353500,303500,290000,292500,280000,4,18,-20.8,-4.3
WINCHELSEA,300000,270000,268500,300000,246000,6,31,-18,-18
WINDSOR,961000,956400,1157500,1120000,1095000,14,52,13.9,-2.2
WINTER VALLEY,345000,360000,377300,350000,365000,3,24,5.8,4.3
WODONGA,298000,292500,310000,279000,295000,99,383,-1,5.7
WOLLERT,422000,437900,442500,438500,430000,53,213,1.9,-1.9
WONGA PARK,602500,667500,770000,730000,825000,7,33,36.9,13
WONTHAGGI,266000,299000,267500,237900,255000,21,88,-4.1,7.2
WOODEND,467500,475000,465000,472500,570000,18,67,21.9,20.6
WOOLAMAI WATERS,385000,365500,315000,340000,372500,18,83,-3.2,9.6
WOORI YALLOCK,316800,361500,341000,377500,367500,9,57,16,-2.6
WURRUK,180000,192000,205500,240000,248000,3,15,NA,3.3
WY YUNG,296000,252500,320000,190000,347500,6,19,17.4,82.9
WYCHEPROOF,85500,82500,75000,58500,134000,8,19,56.7,129.1
WYNDHAM VALE,315000,300000,323800,330000,351000,66,319,11.4,6.4
YALLAMBIE,628000,632500,600000,660000,712000,11,41,13.4,7.9
YALLOURN NORTH,154000,149000,157000,157000,135000,5,20,-12.3,-14
YARRA GLEN,468800,515000,513500,550000,486000,14,51,3.7,-11.6
YARRA JUNCTION,367500,415000,420000,362500,435000,14,58,18.4,20
YARRAGON,320000,257500,272000,310000,270000,11,32,-15.6,-12.9
YARRAM,200000,210000,245000,271500,315000,9,33,57.5,16
YARRAVILLE,750000,775000,797000,828000,838000,58,224,11.7,1.2
YARRAWONGA,285000,250000,305000,301500,340000,39,166,19.3,12.8
YEA,250000,285000,297500,235000,304000,8,33,21.6,29.4
"^ means there were fewer than 10 sales for the quarter* means there were no sales for the quarter and the first non-zero figure is carried forwardNA means insufficent data was available to create the percentage change ",,,,,,,,,